資料夾 folder,檔名 file,大小 size,原始網址 source URL
00_網站素材 site-assets,1024px-–-1.jpg,250 KB,https://www.construction-anchors.com/wp-content/uploads/2024/04/1024px-–-1.jpg
00_網站素材 site-assets,1150px-–-1.jpg,302 KB,https://www.construction-anchors.com/wp-content/uploads/2024/04/1150px-–-1.jpg
00_網站素材 site-assets,1500px-–-1@2x-scaled.jpg,229 KB,https://www.construction-anchors.com/wp-content/uploads/2024/04/1500px-–-1@2x-scaled.jpg
00_網站素材 site-assets,390px-–-1.jpg,120 KB,https://www.construction-anchors.com/wp-content/uploads/2024/04/390px-–-1.jpg
00_網站素材 site-assets,Artboard-–-12-1.jpg,1450 KB,https://www.construction-anchors.com/wp-content/uploads/2024/04/Artboard-–-12-1.jpg
00_網站素材 site-assets,Artboard-–-5.png,52 KB,https://www.construction-anchors.com/wp-content/uploads/2024/04/Artboard-–-5.png
00_網站素材 site-assets,Artboard-–-6.png,82 KB,https://www.construction-anchors.com/wp-content/uploads/2024/04/Artboard-–-6.png
00_網站素材 site-assets,Artboard-–-8.jpg,80 KB,https://www.construction-anchors.com/wp-content/uploads/2024/04/Artboard-–-8.jpg
00_網站素材 site-assets,CA-about-section1.jpg,170 KB,https://www.construction-anchors.com/wp-content/uploads/2024/03/CA-about-section1.jpg
00_網站素材 site-assets,CA-downloads-hero.jpg,222 KB,https://www.construction-anchors.com/wp-content/uploads/2024/04/CA-downloads-hero.jpg
00_網站素材 site-assets,Copy-of-cmh-steel-hammerdrive-2.jpg,77 KB,https://www.construction-anchors.com/wp-content/uploads/2024/04/Copy-of-cmh-steel-hammerdrive-2.jpg
00_網站素材 site-assets,Copy-of-wedge-anchor-2.jpg,69 KB,https://www.construction-anchors.com/wp-content/uploads/2024/04/Copy-of-wedge-anchor-2.jpg
00_網站素材 site-assets,Copy-of-wedge-anchor-galvanised-2.jpg,64 KB,https://www.construction-anchors.com/wp-content/uploads/2024/04/Copy-of-wedge-anchor-galvanised-2.jpg
00_網站素材 site-assets,ETA-logo.jpg,11 KB,https://www.construction-anchors.com/wp-content/uploads/2024/04/ETA-logo.jpg
00_網站素材 site-assets,ETA-section-1-image.jpg,215 KB,https://www.construction-anchors.com/wp-content/uploads/2024/04/ETA-section-1-image.jpg
00_網站素材 site-assets,ETA-title-image.jpg,15 KB,https://www.construction-anchors.com/wp-content/uploads/2024/04/ETA-title-image.jpg
00_網站素材 site-assets,GENERAL-IMAGE-3.jpg,100 KB,https://www.construction-anchors.com/wp-content/uploads/2024/04/GENERAL-IMAGE-3.jpg
00_網站素材 site-assets,GENERAL-IMAGE.jpg,51 KB,https://www.construction-anchors.com/wp-content/uploads/2024/04/GENERAL-IMAGE.jpg
00_網站素材 site-assets,Grey-arrow-right.svg,1 KB,https://www.construction-anchors.com/wp-content/uploads/2024/02/Grey-arrow-right.svg
00_網站素材 site-assets,Hero-BG-Large.jpg,339 KB,https://www.construction-anchors.com/wp-content/uploads/2024/02/Hero-BG-Large.jpg
00_網站素材 site-assets,Hero-BG.-Small-new.jpg,318 KB,https://www.construction-anchors.com/wp-content/uploads/2024/02/Hero-BG.-Small-new.jpg
00_網站素材 site-assets,Hero-Tablet.jpg,540 KB,https://www.construction-anchors.com/wp-content/uploads/2024/03/Hero-Tablet.jpg
00_網站素材 site-assets,Our-Mission-check-box.svg,1 KB,https://www.construction-anchors.com/wp-content/uploads/2024/04/Our-Mission-check-box.svg
00_網站素材 site-assets,Section-image.jpg,127 KB,https://www.construction-anchors.com/wp-content/uploads/2024/03/Section-image.jpg
00_網站素材 site-assets,about-bg-hero-tablet.jpg,131 KB,https://www.construction-anchors.com/wp-content/uploads/2024/04/about-bg-hero-tablet.jpg
00_網站素材 site-assets,about-new-hero-size.jpg,258 KB,https://www.construction-anchors.com/wp-content/uploads/2024/04/about-new-hero-size.jpg
00_網站素材 site-assets,about_us_our-approach.jpg,182 KB,https://www.construction-anchors.com/wp-content/uploads/2024/04/about_us_our-approach.jpg
00_網站素材 site-assets,arrow-down-1.svg,0 KB,https://www.construction-anchors.com/wp-content/uploads/2024/04/arrow-down-1.svg
00_網站素材 site-assets,arrow-down.svg,0 KB,https://www.construction-anchors.com/wp-content/uploads/2024/04/arrow-down.svg
00_網站素材 site-assets,button-gradient.svg,104 KB,https://www.construction-anchors.com/wp-content/uploads/2024/02/button-gradient.svg
00_網站素材 site-assets,concrete-bolt-flange-head-2.jpg,92 KB,https://www.construction-anchors.com/wp-content/uploads/2024/04/concrete-bolt-flange-head-2.jpg
00_網站素材 site-assets,concrete-bolt-pan-head.jpg,22 KB,https://www.construction-anchors.com/wp-content/uploads/2024/03/concrete-bolt-pan-head.jpg
00_網站素材 site-assets,desktop-background-final-cut.jpg,382 KB,https://www.construction-anchors.com/wp-content/uploads/2024/05/desktop-background-final-cut.jpg
00_網站素材 site-assets,direct-fasteners-cat.jpg,33 KB,https://www.construction-anchors.com/wp-content/uploads/2024/02/direct-fasteners-cat.jpg
00_網站素材 site-assets,down-arrow-white.svg,1 KB,https://www.construction-anchors.com/wp-content/uploads/2024/02/down-arrow-white.svg
00_網站素材 site-assets,download-section.jpg,262 KB,https://www.construction-anchors.com/wp-content/uploads/2024/02/download-section.jpg
00_網站素材 site-assets,downloads-hero-bg-big.jpg,155 KB,https://www.construction-anchors.com/wp-content/uploads/2024/03/downloads-hero-bg-big.jpg
00_網站素材 site-assets,downloads-hero-big-bg.jpg,237 KB,https://www.construction-anchors.com/wp-content/uploads/2024/04/downloads-hero-big-bg.jpg
00_網站素材 site-assets,downloads-hero-tablet-bg.jpg,115 KB,https://www.construction-anchors.com/wp-content/uploads/2024/04/downloads-hero-tablet-bg.jpg
00_網站素材 site-assets,downloads-mobile-bg.jpg,68 KB,https://www.construction-anchors.com/wp-content/uploads/2024/04/downloads-mobile-bg.jpg
00_網站素材 site-assets,drop-in-anchor-general.jpg,122 KB,https://www.construction-anchors.com/wp-content/uploads/2024/04/drop-in-anchor-general.jpg
00_網站素材 site-assets,favicon.jpg,83 KB,https://www.construction-anchors.com/wp-content/uploads/2024/02/favicon.jpg
00_網站素材 site-assets,general-image-1.jpg,45 KB,https://www.construction-anchors.com/wp-content/uploads/2024/04/general-image-1.jpg
00_網站素材 site-assets,general-image-2.jpg,84 KB,https://www.construction-anchors.com/wp-content/uploads/2024/04/general-image-2.jpg
00_網站素材 site-assets,header-4.jpg,69 KB,https://www.construction-anchors.com/wp-content/uploads/2024/04/header-4.jpg
00_網站素材 site-assets,header-5.jpg,80 KB,https://www.construction-anchors.com/wp-content/uploads/2024/04/header-5.jpg
00_網站素材 site-assets,heavy-duty-chemical-tools-cat.jpg,25 KB,https://www.construction-anchors.com/wp-content/uploads/2024/02/heavy-duty-chemical-tools-cat.jpg
00_網站素材 site-assets,hero-BG-big-2.jpg,259 KB,https://www.construction-anchors.com/wp-content/uploads/2024/04/hero-BG-big-2.jpg
00_網站素材 site-assets,hero-BG-big.jpg,215 KB,https://www.construction-anchors.com/wp-content/uploads/2024/03/hero-BG-big.jpg
00_網站素材 site-assets,hero-mobile-home-image-vertical.jpg,109 KB,https://www.construction-anchors.com/wp-content/uploads/2024/05/hero-mobile-home-image-vertical.jpg
00_網站素材 site-assets,hero-mobile.jpg,200 KB,https://www.construction-anchors.com/wp-content/uploads/2024/03/hero-mobile.jpg
00_網站素材 site-assets,homepage-screws.jpg,86 KB,https://www.construction-anchors.com/wp-content/uploads/2024/02/homepage-screws.jpg
00_網站素材 site-assets,hometext1.jpg,16 KB,https://www.construction-anchors.com/wp-content/uploads/2024/02/hometext1.jpg
00_網站素材 site-assets,hometext2.jpg,10 KB,https://www.construction-anchors.com/wp-content/uploads/2024/02/hometext2.jpg
00_網站素材 site-assets,hometext3.jpg,12 KB,https://www.construction-anchors.com/wp-content/uploads/2024/02/hometext3.jpg
00_網站素材 site-assets,new-about-hero-actual-mobile.jpg,87 KB,https://www.construction-anchors.com/wp-content/uploads/2024/05/new-about-hero-actual-mobile.jpg
00_網站素材 site-assets,new-about-hero-actual.jpg,317 KB,https://www.construction-anchors.com/wp-content/uploads/2024/05/new-about-hero-actual.jpg
00_網站素材 site-assets,new3-concrete-bolt-rod-hanger.jpg,33 KB,https://www.construction-anchors.com/wp-content/uploads/2024/02/new3-concrete-bolt-rod-hanger.jpg
00_網站素材 site-assets,plastic-toggle-anchor.jpg,32 KB,https://www.construction-anchors.com/wp-content/uploads/2024/03/plastic-toggle-anchor.jpg
00_網站素材 site-assets,product-table.jpg,140 KB,https://www.construction-anchors.com/wp-content/uploads/2024/02/product-table.jpg
00_網站素材 site-assets,rubber-nuts.jpg,49 KB,https://www.construction-anchors.com/wp-content/uploads/2024/03/rubber-nuts.jpg
00_網站素材 site-assets,web-logo-colour.png,20 KB,https://www.construction-anchors.com/wp-content/uploads/2024/02/web-logo-colour.png
00_網站素材 site-assets,web-logo-white.png,19 KB,https://www.construction-anchors.com/wp-content/uploads/2024/02/web-logo-white.png
00_網站素材 site-assets,wedge-anchor-2-ETA-19_0563.jpg,74 KB,https://www.construction-anchors.com/wp-content/uploads/2024/04/wedge-anchor-2-ETA-19_0563.jpg
01_輕型錨栓 lightweight-anchors/SMH鋼製敲擊式錨栓 smh-steel-hammerdrive,Artboard-–-1.jpg,91 KB,https://www.construction-anchors.com/wp-content/uploads/2024/04/Artboard-–-1.jpg
01_輕型錨栓 lightweight-anchors/SMH鋼製敲擊式錨栓 smh-steel-hammerdrive,Artboard-–-2.jpg,66 KB,https://www.construction-anchors.com/wp-content/uploads/2024/04/Artboard-–-2.jpg
01_輕型錨栓 lightweight-anchors/SMH鋼製敲擊式錨栓 smh-steel-hammerdrive,Copy-of-cmh-steel-hammerdrive-1.jpg,77 KB,https://www.construction-anchors.com/wp-content/uploads/2024/04/Copy-of-cmh-steel-hammerdrive-1.jpg
01_輕型錨栓 lightweight-anchors/SMH鋼製敲擊式錨栓 smh-steel-hammerdrive,SMH-Steel-Hammerdrive.png,6 KB,https://www.construction-anchors.com/wp-content/uploads/2024/04/SMH-Steel-Hammerdrive.png
01_輕型錨栓 lightweight-anchors,lightweight-anchors-cat.jpg,58 KB,https://www.construction-anchors.com/wp-content/uploads/2024/02/lightweight-anchors-cat.jpg
01_輕型錨栓 lightweight-anchors/尼龍釘入式錨栓 nylon-nail-in-anchors,Artboard-–-18.png,51 KB,https://www.construction-anchors.com/wp-content/uploads/2024/04/Artboard-–-18.png
01_輕型錨栓 lightweight-anchors/尼龍釘入式錨栓 nylon-nail-in-anchors,Artboard-–-31.png,378 KB,https://www.construction-anchors.com/wp-content/uploads/2024/04/Artboard-–-31.png
01_輕型錨栓 lightweight-anchors/尼龍釘入式錨栓 nylon-nail-in-anchors,Artboard-–-32.png,378 KB,https://www.construction-anchors.com/wp-content/uploads/2024/04/Artboard-–-32.png
01_輕型錨栓 lightweight-anchors/尼龍釘入式錨栓 nylon-nail-in-anchors,Artboard-–-33.png,373 KB,https://www.construction-anchors.com/wp-content/uploads/2024/04/Artboard-–-33.png
01_輕型錨栓 lightweight-anchors/尼龍釘入式錨栓 nylon-nail-in-anchors,Copy-of-nylon-nail-in-anchor-flat-1.jpg,50 KB,https://www.construction-anchors.com/wp-content/uploads/2024/04/Copy-of-nylon-nail-in-anchor-flat-1.jpg
01_輕型錨栓 lightweight-anchors/尼龍釘入式錨栓 nylon-nail-in-anchors,Copy-of-nylon-nail-in-anchor-mushroom-1.jpg,50 KB,https://www.construction-anchors.com/wp-content/uploads/2024/04/Copy-of-nylon-nail-in-anchor-mushroom-1.jpg
01_輕型錨栓 lightweight-anchors/尼龍釘入式錨栓 nylon-nail-in-anchors,Copy-of-nylon-nail-in-anchor-round-1.jpg,50 KB,https://www.construction-anchors.com/wp-content/uploads/2024/04/Copy-of-nylon-nail-in-anchor-round-1.jpg
01_輕型錨栓 lightweight-anchors/尼龍釘入式錨栓 nylon-nail-in-anchors,Nylon-Nail-In-Anchors-installation.png,22 KB,https://www.construction-anchors.com/wp-content/uploads/2024/04/Nylon-Nail-In-Anchors-installation.png
01_輕型錨栓 lightweight-anchors/金屬敲擊式錨栓 metal-hammer-drive-anchor,Artboard-–-19.png,57 KB,https://www.construction-anchors.com/wp-content/uploads/2024/04/Artboard-–-19.png
01_輕型錨栓 lightweight-anchors/金屬敲擊式錨栓 metal-hammer-drive-anchor,Artboard-–-21-1.png,63 KB,https://www.construction-anchors.com/wp-content/uploads/2024/04/Artboard-–-21-1.png
01_輕型錨栓 lightweight-anchors/金屬敲擊式錨栓 metal-hammer-drive-anchor,Artboard-–-21.png,63 KB,https://www.construction-anchors.com/wp-content/uploads/2024/04/Artboard-–-21.png
01_輕型錨栓 lightweight-anchors/金屬敲擊式錨栓 metal-hammer-drive-anchor,Artboard-–-22.png,58 KB,https://www.construction-anchors.com/wp-content/uploads/2024/04/Artboard-–-22.png
01_輕型錨栓 lightweight-anchors/金屬敲擊式錨栓 metal-hammer-drive-anchor,Artboard-–-24.png,765 KB,https://www.construction-anchors.com/wp-content/uploads/2024/04/Artboard-–-24.png
01_輕型錨栓 lightweight-anchors/金屬敲擊式錨栓 metal-hammer-drive-anchor,Artboard-–-25.png,768 KB,https://www.construction-anchors.com/wp-content/uploads/2024/04/Artboard-–-25.png
01_輕型錨栓 lightweight-anchors/金屬敲擊式錨栓 metal-hammer-drive-anchor,Artboard-–-29.png,100 KB,https://www.construction-anchors.com/wp-content/uploads/2024/04/Artboard-–-29.png
01_輕型錨栓 lightweight-anchors/金屬敲擊式錨栓 metal-hammer-drive-anchor,Artboard-–-30.png,97 KB,https://www.construction-anchors.com/wp-content/uploads/2024/04/Artboard-–-30.png
01_輕型錨栓 lightweight-anchors/金屬敲擊式錨栓 metal-hammer-drive-anchor,Copy-of-metal-hammer-drive-anchors-black-phosphate-1.jpg,44 KB,https://www.construction-anchors.com/wp-content/uploads/2024/04/Copy-of-metal-hammer-drive-anchors-black-phosphate-1.jpg
01_輕型錨栓 lightweight-anchors/金屬敲擊式錨栓 metal-hammer-drive-anchor,Copy-of-metal-hammer-drive-anchors-flat-1.jpg,43 KB,https://www.construction-anchors.com/wp-content/uploads/2024/04/Copy-of-metal-hammer-drive-anchors-flat-1.jpg
01_輕型錨栓 lightweight-anchors/金屬敲擊式錨栓 metal-hammer-drive-anchor,Copy-of-metal-hammer-drive-anchors-muchroom-1.jpg,45 KB,https://www.construction-anchors.com/wp-content/uploads/2024/04/Copy-of-metal-hammer-drive-anchors-muchroom-1.jpg
01_輕型錨栓 lightweight-anchors/金屬敲擊式錨栓 metal-hammer-drive-anchor,Copy-of-metal-hammer-drive-anchors-overhead-thread-1.jpg,56 KB,https://www.construction-anchors.com/wp-content/uploads/2024/04/Copy-of-metal-hammer-drive-anchors-overhead-thread-1.jpg
01_輕型錨栓 lightweight-anchors/金屬敲擊式錨栓 metal-hammer-drive-anchor,Copy-of-metal-hammer-drive-anchors-tie-wire-1.jpg,61 KB,https://www.construction-anchors.com/wp-content/uploads/2024/04/Copy-of-metal-hammer-drive-anchors-tie-wire-1.jpg
01_輕型錨栓 lightweight-anchors/金屬敲擊式錨栓 metal-hammer-drive-anchor,MHD-FORMING-BZP.png,191 KB,https://www.construction-anchors.com/wp-content/uploads/2024/04/MHD-FORMING-BZP.png
01_輕型錨栓 lightweight-anchors/金屬敲擊式錨栓 metal-hammer-drive-anchor,MHD-MUSHROOM-HEAD-BLACK-PHOSPHATE.png,689 KB,https://www.construction-anchors.com/wp-content/uploads/2024/04/MHD-MUSHROOM-HEAD-BLACK-PHOSPHATE.png
01_輕型錨栓 lightweight-anchors/金屬敲擊式錨栓 metal-hammer-drive-anchor,Metal-Hammer-Drive-Anchor-installation.png,46 KB,https://www.construction-anchors.com/wp-content/uploads/2024/04/Metal-Hammer-Drive-Anchor-installation.png
02_重型與中型錨栓 heavy-medium-duty-anchors/Opt1楔型錨栓(鍍白鋅) wedge-anchor-opt-1,Artboard-–-9.jpg,1447 KB,https://www.construction-anchors.com/wp-content/uploads/2024/04/Artboard-–-9.jpg
02_重型與中型錨栓 heavy-medium-duty-anchors/Opt1楔型錨栓(鍍白鋅) wedge-anchor-opt-1,Copy-of-wedge-anchor-1.jpg,69 KB,https://www.construction-anchors.com/wp-content/uploads/2024/04/Copy-of-wedge-anchor-1.jpg
02_重型與中型錨栓 heavy-medium-duty-anchors/Opt1楔型錨栓(鍍白鋅) wedge-anchor-opt-1,header.jpg,69 KB,https://www.construction-anchors.com/wp-content/uploads/2024/04/header.jpg
02_重型與中型錨栓 heavy-medium-duty-anchors/Opt1楔型錨栓(鍍白鋅) wedge-anchor-opt-1,installation.png,20 KB,https://www.construction-anchors.com/wp-content/uploads/2024/04/installation.png
02_重型與中型錨栓 heavy-medium-duty-anchors/Opt7楔型錨栓(鍍白鋅) eta-opt-7-wedge-anchor,Artboard-–-12.jpg,1450 KB,https://www.construction-anchors.com/wp-content/uploads/2024/04/Artboard-–-12.jpg
02_重型與中型錨栓 heavy-medium-duty-anchors/Opt7楔型錨栓(鍍白鋅) eta-opt-7-wedge-anchor,ETA-Opt-7-Wedge-Anchor-1.png,24 KB,https://www.construction-anchors.com/wp-content/uploads/2024/04/ETA-Opt-7-Wedge-Anchor-1.png
02_重型與中型錨栓 heavy-medium-duty-anchors/Opt7楔型錨栓(鍍白鋅) eta-opt-7-wedge-anchor,ETA-Opt-7-Wedge-Anchor.png,24 KB,https://www.construction-anchors.com/wp-content/uploads/2024/04/ETA-Opt-7-Wedge-Anchor.png
02_重型與中型錨栓 heavy-medium-duty-anchors/Opt7楔型錨栓(鍍白鋅) eta-opt-7-wedge-anchor,header-2.jpg,69 KB,https://www.construction-anchors.com/wp-content/uploads/2024/04/header-2.jpg
02_重型與中型錨栓 heavy-medium-duty-anchors/Opt7楔型錨栓(鍍白鋅) eta-opt-7-wedge-anchor,wedge-anchor-ETA-19_0563.jpg,73 KB,https://www.construction-anchors.com/wp-content/uploads/2024/04/wedge-anchor-ETA-19_0563.jpg
02_重型與中型錨栓 heavy-medium-duty-anchors,heavy-medium-duty-cat.jpg,31 KB,https://www.construction-anchors.com/wp-content/uploads/2024/02/heavy-medium-duty-cat.jpg
02_重型與中型錨栓 heavy-medium-duty-anchors/內迫式錨栓 drop-in-anchors,DROP-IN-ANCHOR-A2-304-STAINLESS-STEEL-NON-LIPPED.jpg,171 KB,https://www.construction-anchors.com/wp-content/uploads/2024/04/DROP-IN-ANCHOR-A2-304-STAINLESS-STEEL-NON-LIPPED.jpg
02_重型與中型錨栓 heavy-medium-duty-anchors/內迫式錨栓 drop-in-anchors,DROP-IN-ANCHOR-A4-316-STAINLESS-STEEL-NON-LIPPED.jpg,170 KB,https://www.construction-anchors.com/wp-content/uploads/2024/04/DROP-IN-ANCHOR-A4-316-STAINLESS-STEEL-NON-LIPPED.jpg
02_重型與中型錨栓 heavy-medium-duty-anchors/內迫式錨栓 drop-in-anchors,DROP-IN-ANCHOR-BZP-LIPPED.jpg,198 KB,https://www.construction-anchors.com/wp-content/uploads/2024/04/DROP-IN-ANCHOR-BZP-LIPPED.jpg
02_重型與中型錨栓 heavy-medium-duty-anchors/內迫式錨栓 drop-in-anchors,DROP-IN-ANCHOR-BZP-NON-LIPPED.jpg,224 KB,https://www.construction-anchors.com/wp-content/uploads/2024/04/DROP-IN-ANCHOR-BZP-NON-LIPPED.jpg
02_重型與中型錨栓 heavy-medium-duty-anchors/內迫式錨栓 drop-in-anchors,drop-in-anchor-2.jpg,121 KB,https://www.construction-anchors.com/wp-content/uploads/2024/04/drop-in-anchor-2.jpg
02_重型與中型錨栓 heavy-medium-duty-anchors/內迫式錨栓 drop-in-anchors,drop-in-anchor-lipped-2.jpg,122 KB,https://www.construction-anchors.com/wp-content/uploads/2024/04/drop-in-anchor-lipped-2.jpg
02_重型與中型錨栓 heavy-medium-duty-anchors/內迫式錨栓 drop-in-anchors,dropin-anchors.png,19 KB,https://www.construction-anchors.com/wp-content/uploads/2024/04/dropin-anchors.png
02_重型與中型錨栓 heavy-medium-duty-anchors/內迫式錨栓 drop-in-anchors,header-1.jpg,58 KB,https://www.construction-anchors.com/wp-content/uploads/2024/04/header-1.jpg
02_重型與中型錨栓 heavy-medium-duty-anchors/套管式錨栓 sleeve-anchors,Artboard-–-1.png,56 KB,https://www.construction-anchors.com/wp-content/uploads/2024/04/Artboard-–-1.png
02_重型與中型錨栓 heavy-medium-duty-anchors/套管式錨栓 sleeve-anchors,Artboard-–-4.png,1689 KB,https://www.construction-anchors.com/wp-content/uploads/2024/04/Artboard-–-4.png
02_重型與中型錨栓 heavy-medium-duty-anchors/套管式錨栓 sleeve-anchors,Artboard-–-5-1.png,52 KB,https://www.construction-anchors.com/wp-content/uploads/2024/04/Artboard-–-5-1.png
02_重型與中型錨栓 heavy-medium-duty-anchors/套管式錨栓 sleeve-anchors,Artboard-–-6-1.png,82 KB,https://www.construction-anchors.com/wp-content/uploads/2024/04/Artboard-–-6-1.png
02_重型與中型錨栓 heavy-medium-duty-anchors/套管式錨栓 sleeve-anchors,Copy-of-sleeve-anchor-eye-type-2.jpg,84 KB,https://www.construction-anchors.com/wp-content/uploads/2024/04/Copy-of-sleeve-anchor-eye-type-2.jpg
02_重型與中型錨栓 heavy-medium-duty-anchors/套管式錨栓 sleeve-anchors,Copy-of-sleeve-anchor-hook-type-2.jpg,76 KB,https://www.construction-anchors.com/wp-content/uploads/2024/04/Copy-of-sleeve-anchor-hook-type-2.jpg
02_重型與中型錨栓 heavy-medium-duty-anchors/套管式錨栓 sleeve-anchors,hex-bolt.png,1689 KB,https://www.construction-anchors.com/wp-content/uploads/2024/04/hex-bolt.png
02_重型與中型錨栓 heavy-medium-duty-anchors/套管式錨栓 sleeve-anchors,sleeve-anchor-install.png,19 KB,https://www.construction-anchors.com/wp-content/uploads/2024/04/sleeve-anchor-install.png
02_重型與中型錨栓 heavy-medium-duty-anchors/楔型錨栓(熱浸鍍鋅) wedge-anchor-hdg,Artboard-–-13.jpg,1399 KB,https://www.construction-anchors.com/wp-content/uploads/2024/04/Artboard-–-13.jpg
02_重型與中型錨栓 heavy-medium-duty-anchors/楔型錨栓(熱浸鍍鋅) wedge-anchor-hdg,Copy-of-wedge-anchor-galvanised-1.jpg,61 KB,https://www.construction-anchors.com/wp-content/uploads/2024/04/Copy-of-wedge-anchor-galvanised-1.jpg
02_重型與中型錨栓 heavy-medium-duty-anchors/楔型錨栓(熱浸鍍鋅) wedge-anchor-hdg,Wedge-Anchor-Hot-Dipped-Galvanised-installation.png,14 KB,https://www.construction-anchors.com/wp-content/uploads/2024/04/Wedge-Anchor-Hot-Dipped-Galvanised-installation.png
02_重型與中型錨栓 heavy-medium-duty-anchors/楔型錨栓(熱浸鍍鋅) wedge-anchor-hdg,header-6.jpg,69 KB,https://www.construction-anchors.com/wp-content/uploads/2024/04/header-6.jpg
02_重型與中型錨栓 heavy-medium-duty-anchors/楔型錨栓(熱浸鍍鋅) wedge-anchor-hdg,wedge-anchor-2-ETA-19_0563-1.jpg,74 KB,https://www.construction-anchors.com/wp-content/uploads/2024/04/wedge-anchor-2-ETA-19_0563-1.jpg
02_重型與中型錨栓 heavy-medium-duty-anchors/楔型錨栓(熱浸鍍鋅) wedge-anchor-hdg,wedge-anchor-ETA-19_0563-1.jpg,73 KB,https://www.construction-anchors.com/wp-content/uploads/2024/04/wedge-anchor-ETA-19_0563-1.jpg
02_重型與中型錨栓 heavy-medium-duty-anchors/混凝土螺栓(吊桿型) concrete-bolt-rod-hanger,alt-concrete-bolt-rod-hanger.jpg,41 KB,https://www.construction-anchors.com/wp-content/uploads/2024/02/alt-concrete-bolt-rod-hanger.jpg
02_重型與中型錨栓 heavy-medium-duty-anchors/混凝土螺栓(吊桿型) concrete-bolt-rod-hanger,concrete-bolt-rod-hanger.jpg,33 KB,https://www.construction-anchors.com/wp-content/uploads/2024/02/concrete-bolt-rod-hanger.jpg
02_重型與中型錨栓 heavy-medium-duty-anchors/混凝土螺栓(吊桿型) concrete-bolt-rod-hanger,concrete-bolt-rod-header.png,61 KB,https://www.construction-anchors.com/wp-content/uploads/2024/02/concrete-bolt-rod-header.png
02_重型與中型錨栓 heavy-medium-duty-anchors/混凝土螺栓(吊桿型) concrete-bolt-rod-hanger,concrete-bolt-rod-installation.jpg,22 KB,https://www.construction-anchors.com/wp-content/uploads/2024/02/concrete-bolt-rod-installation.jpg
02_重型與中型錨栓 heavy-medium-duty-anchors/混凝土螺栓(吊桿型) concrete-bolt-rod-hanger,concrete-bolt-rod-specs.jpg,75 KB,https://www.construction-anchors.com/wp-content/uploads/2024/02/concrete-bolt-rod-specs.jpg
02_重型與中型錨栓 heavy-medium-duty-anchors/混凝土螺栓(吊桿型) concrete-bolt-rod-hanger,concrete-bolt-rod-vertical-image.jpg,34 KB,https://www.construction-anchors.com/wp-content/uploads/2024/02/concrete-bolt-rod-vertical-image.jpg
02_重型與中型錨栓 heavy-medium-duty-anchors/混凝土螺栓(吊桿型) concrete-bolt-rod-hanger,new-concrete-bolt-rod-hanger.jpg,38 KB,https://www.construction-anchors.com/wp-content/uploads/2024/02/new-concrete-bolt-rod-hanger.jpg
02_重型與中型錨栓 heavy-medium-duty-anchors/混凝土螺栓(吊桿型) concrete-bolt-rod-hanger,new2-concrete-bolt-rod-hanger.jpg,38 KB,https://www.construction-anchors.com/wp-content/uploads/2024/02/new2-concrete-bolt-rod-hanger.jpg
02_重型與中型錨栓 heavy-medium-duty-anchors/混凝土螺栓(法蘭頭) concrete-bolt-flange-head,Artboard-–-7.jpg,1620 KB,https://www.construction-anchors.com/wp-content/uploads/2024/04/Artboard-–-7.jpg
02_重型與中型錨栓 heavy-medium-duty-anchors/混凝土螺栓(法蘭頭) concrete-bolt-flange-head,Concrete-Bolt-Flange-Head-installation.png,24 KB,https://www.construction-anchors.com/wp-content/uploads/2024/04/Concrete-Bolt-Flange-Head-installation.png
02_重型與中型錨栓 heavy-medium-duty-anchors/混凝土螺栓(法蘭頭) concrete-bolt-flange-head,Copy-of-concrete-bolt-flange-head-1.jpg,82 KB,https://www.construction-anchors.com/wp-content/uploads/2024/04/Copy-of-concrete-bolt-flange-head-1.jpg
02_重型與中型錨栓 heavy-medium-duty-anchors/混凝土螺栓(法蘭頭) concrete-bolt-flange-head,Copy-of-concrete-bolt-flange-head-2.jpg,81 KB,https://www.construction-anchors.com/wp-content/uploads/2024/04/Copy-of-concrete-bolt-flange-head-2.jpg
02_重型與中型錨栓 heavy-medium-duty-anchors/混凝土螺栓(法蘭頭) concrete-bolt-flange-head,header-3.jpg,80 KB,https://www.construction-anchors.com/wp-content/uploads/2024/04/header-3.jpg
02_重型與中型錨栓 heavy-medium-duty-anchors/混凝土螺栓(盤頭沉頭) concrete-boltpan-csk-head,Pan-Specs.jpg,169 KB,https://www.construction-anchors.com/wp-content/uploads/2024/03/Pan-Specs.jpg
02_重型與中型錨栓 heavy-medium-duty-anchors/混凝土螺栓(盤頭沉頭) concrete-boltpan-csk-head,concrete-bolt-csk-head-specs.jpg,165 KB,https://www.construction-anchors.com/wp-content/uploads/2024/03/concrete-bolt-csk-head-specs.jpg
02_重型與中型錨栓 heavy-medium-duty-anchors/混凝土螺栓(盤頭沉頭) concrete-boltpan-csk-head,concrete-bolt-csk-side.jpg,22 KB,https://www.construction-anchors.com/wp-content/uploads/2024/03/concrete-bolt-csk-side.jpg
02_重型與中型錨栓 heavy-medium-duty-anchors/混凝土螺栓(盤頭沉頭) concrete-boltpan-csk-head,concrete-bolt-csk-top.jpg,24 KB,https://www.construction-anchors.com/wp-content/uploads/2024/03/concrete-bolt-csk-top.jpg
02_重型與中型錨栓 heavy-medium-duty-anchors/混凝土螺栓(盤頭沉頭) concrete-boltpan-csk-head,concrete-bolt-pan-head-2.jpg,22 KB,https://www.construction-anchors.com/wp-content/uploads/2024/03/concrete-bolt-pan-head-2.jpg
02_重型與中型錨栓 heavy-medium-duty-anchors/混凝土螺栓(盤頭沉頭) concrete-boltpan-csk-head,concrete-bolt-pan-head-technical.jpg,455 KB,https://www.construction-anchors.com/wp-content/uploads/2024/03/concrete-bolt-pan-head-technical.jpg
02_重型與中型錨栓 heavy-medium-duty-anchors/混凝土螺栓(盤頭沉頭) concrete-boltpan-csk-head,concrete-bolt-pan-installation.jpg,22 KB,https://www.construction-anchors.com/wp-content/uploads/2024/03/concrete-bolt-pan-installation.jpg
02_重型與中型錨栓 heavy-medium-duty-anchors/混凝土螺栓(盤頭沉頭) concrete-boltpan-csk-head,csk-bolt-header.png,82 KB,https://www.construction-anchors.com/wp-content/uploads/2024/03/csk-bolt-header.png
02_重型與中型錨栓 heavy-medium-duty-anchors/混凝土螺栓(盤頭沉頭) concrete-boltpan-csk-head,pan-header.png,89 KB,https://www.construction-anchors.com/wp-content/uploads/2024/03/pan-header.png
03_石膏板與空心牆固定件 plasterboard-cavity-fixings,Plasterboard-cavity-cat.jpg,35 KB,https://www.construction-anchors.com/wp-content/uploads/2024/02/Plasterboard-cavity-cat.jpg
03_石膏板與空心牆固定件 plasterboard-cavity-fixings/塑膠蝶形錨栓 plastic-toggle-anchor,HEADER.jpg,62 KB,https://www.construction-anchors.com/wp-content/uploads/2024/03/HEADER.jpg
03_石膏板與空心牆固定件 plasterboard-cavity-fixings/塑膠蝶形錨栓 plastic-toggle-anchor,PTA1.jpg,122 KB,https://www.construction-anchors.com/wp-content/uploads/2024/03/PTA1.jpg
03_石膏板與空心牆固定件 plasterboard-cavity-fixings/塑膠蝶形錨栓 plastic-toggle-anchor,PTA2.jpg,239 KB,https://www.construction-anchors.com/wp-content/uploads/2024/03/PTA2.jpg
03_石膏板與空心牆固定件 plasterboard-cavity-fixings/塑膠蝶形錨栓 plastic-toggle-anchor,PTA3.jpg,120 KB,https://www.construction-anchors.com/wp-content/uploads/2024/03/PTA3.jpg
03_石膏板與空心牆固定件 plasterboard-cavity-fixings/塑膠蝶形錨栓 plastic-toggle-anchor,plastic-toggle-2-side.jpg,39 KB,https://www.construction-anchors.com/wp-content/uploads/2024/03/plastic-toggle-2-side.jpg
03_石膏板與空心牆固定件 plasterboard-cavity-fixings/塑膠蝶形錨栓 plastic-toggle-anchor,plastic-toggle-2-top.jpg,39 KB,https://www.construction-anchors.com/wp-content/uploads/2024/03/plastic-toggle-2-top.jpg
03_石膏板與空心牆固定件 plasterboard-cavity-fixings/塑膠蝶形錨栓 plastic-toggle-anchor,plastic-toggle-3-side.jpg,22 KB,https://www.construction-anchors.com/wp-content/uploads/2024/03/plastic-toggle-3-side.jpg
03_石膏板與空心牆固定件 plasterboard-cavity-fixings/塑膠蝶形錨栓 plastic-toggle-anchor,plastic-toggle-3-top.jpg,22 KB,https://www.construction-anchors.com/wp-content/uploads/2024/03/plastic-toggle-3-top.jpg
03_石膏板與空心牆固定件 plasterboard-cavity-fixings/塑膠蝶形錨栓 plastic-toggle-anchor,plastic-toggle-anchor-installation.jpg,31 KB,https://www.construction-anchors.com/wp-content/uploads/2024/03/plastic-toggle-anchor-installation.jpg
03_石膏板與空心牆固定件 plasterboard-cavity-fixings/塑膠蝶形錨栓 plastic-toggle-anchor,plastic-toggle-anchor-technical.jpg,235 KB,https://www.construction-anchors.com/wp-content/uploads/2024/03/plastic-toggle-anchor-technical.jpg
03_石膏板與空心牆固定件 plasterboard-cavity-fixings/塑膠蝶形錨栓 plastic-toggle-anchor,plastic-toggle-p2.jpg,29 KB,https://www.construction-anchors.com/wp-content/uploads/2024/03/plastic-toggle-p2.jpg
03_石膏板與空心牆固定件 plasterboard-cavity-fixings/彈簧蝶形固定件 spring-toggles,Artboard-–-17.jpg,56 KB,https://www.construction-anchors.com/wp-content/uploads/2024/04/Artboard-–-17.jpg
03_石膏板與空心牆固定件 plasterboard-cavity-fixings/彈簧蝶形固定件 spring-toggles,spring-toggle-table.jpg,757 KB,https://www.construction-anchors.com/wp-content/uploads/2024/04/spring-toggle-table.jpg
03_石膏板與空心牆固定件 plasterboard-cavity-fixings/彈簧蝶形固定件 spring-toggles,spring-toggle-wing-only-table.jpg,239 KB,https://www.construction-anchors.com/wp-content/uploads/2024/04/spring-toggle-wing-only-table.jpg
03_石膏板與空心牆固定件 plasterboard-cavity-fixings/彈簧蝶形固定件 spring-toggles,spring-toggle-wing-only.jpg,62 KB,https://www.construction-anchors.com/wp-content/uploads/2024/04/spring-toggle-wing-only.jpg
03_石膏板與空心牆固定件 plasterboard-cavity-fixings/彈簧蝶形固定件 spring-toggles,spring-toggles-installation.png,6 KB,https://www.construction-anchors.com/wp-content/uploads/2024/04/spring-toggles-installation.png
03_石膏板與空心牆固定件 plasterboard-cavity-fixings/橡膠螺帽 rubber-nuts,Artboard-–-14.jpg,60 KB,https://www.construction-anchors.com/wp-content/uploads/2024/03/Artboard-–-14.jpg
03_石膏板與空心牆固定件 plasterboard-cavity-fixings/橡膠螺帽 rubber-nuts,rubber-nuts-2.jpg,49 KB,https://www.construction-anchors.com/wp-content/uploads/2024/03/rubber-nuts-2.jpg
03_石膏板與空心牆固定件 plasterboard-cavity-fixings/橡膠螺帽 rubber-nuts,rubber-nuts-installation.jpg,12 KB,https://www.construction-anchors.com/wp-content/uploads/2024/03/rubber-nuts-installation.jpg
03_石膏板與空心牆固定件 plasterboard-cavity-fixings/橡膠螺帽 rubber-nuts,rubber-nuts-specs.jpg,168 KB,https://www.construction-anchors.com/wp-content/uploads/2024/03/rubber-nuts-specs.jpg
03_石膏板與空心牆固定件 plasterboard-cavity-fixings/橡膠螺帽 rubber-nuts,rubber-nuts-technical.jpg,213 KB,https://www.construction-anchors.com/wp-content/uploads/2024/03/rubber-nuts-technical.jpg
04_水電固定件 electrical-plumbing-fixings,electrical-plumbing-cat.jpg,41 KB,https://www.construction-anchors.com/wp-content/uploads/2024/02/electrical-plumbing-cat.jpg
04_水電固定件 electrical-plumbing-fixings/管夾 pipe-clips,Copy-of-Artboard-–-15.jpg,56 KB,https://www.construction-anchors.com/wp-content/uploads/2024/04/Copy-of-Artboard-–-15.jpg
04_水電固定件 electrical-plumbing-fixings/管夾 pipe-clips,DOUBLE-HINGED-PIPE-CLIPS-1.jpg,136 KB,https://www.construction-anchors.com/wp-content/uploads/2024/04/DOUBLE-HINGED-PIPE-CLIPS-1.jpg
04_水電固定件 electrical-plumbing-fixings/管夾 pipe-clips,DOUBLE-HINGED-PIPE-CLIPS.jpg,99 KB,https://www.construction-anchors.com/wp-content/uploads/2024/04/DOUBLE-HINGED-PIPE-CLIPS.jpg
04_水電固定件 electrical-plumbing-fixings/管夾 pipe-clips,SINGLE-HINGED-PIPE-CLIPS.jpg,492 KB,https://www.construction-anchors.com/wp-content/uploads/2024/04/SINGLE-HINGED-PIPE-CLIPS.jpg
04_水電固定件 electrical-plumbing-fixings/管夾 pipe-clips,general-image.png,151 KB,https://www.construction-anchors.com/wp-content/uploads/2024/04/general-image.png
04_水電固定件 electrical-plumbing-fixings/電纜固定夾 cable-clips,Copy-of-Group-632.png,253 KB,https://www.construction-anchors.com/wp-content/uploads/2024/04/Copy-of-Group-632.png
04_水電固定件 electrical-plumbing-fixings/電纜固定夾 cable-clips,cable-clips-2.jpg,23 KB,https://www.construction-anchors.com/wp-content/uploads/2024/03/cable-clips-2.jpg
04_水電固定件 electrical-plumbing-fixings/電纜固定夾 cable-clips,cable-clips-header.jpg,58 KB,https://www.construction-anchors.com/wp-content/uploads/2024/04/cable-clips-header.jpg
04_水電固定件 electrical-plumbing-fixings/電纜固定夾 cable-clips,flat-twin-and-earth-clips.jpg,359 KB,https://www.construction-anchors.com/wp-content/uploads/2024/04/flat-twin-and-earth-clips.jpg
04_水電固定件 electrical-plumbing-fixings/電纜固定夾 cable-clips,flat-twin-and-earth.jpg,59 KB,https://www.construction-anchors.com/wp-content/uploads/2024/04/flat-twin-and-earth.jpg
04_水電固定件 electrical-plumbing-fixings/電纜固定夾 cable-clips,round-cable-clip.png,128 KB,https://www.construction-anchors.com/wp-content/uploads/2024/04/round-cable-clip.png
04_水電固定件 electrical-plumbing-fixings/電纜固定夾 cable-clips,round-cable-clips-header.jpg,58 KB,https://www.construction-anchors.com/wp-content/uploads/2024/03/round-cable-clips-header.jpg
04_水電固定件 electrical-plumbing-fixings/電纜固定夾 cable-clips,round-cable-clips-specs.jpg,197 KB,https://www.construction-anchors.com/wp-content/uploads/2024/03/round-cable-clips-specs.jpg
04_水電固定件 electrical-plumbing-fixings/電纜固定夾 cable-clips,round-cable-clips-technical.jpg,393 KB,https://www.construction-anchors.com/wp-content/uploads/2024/03/round-cable-clips-technical.jpg
04_水電固定件 electrical-plumbing-fixings/電纜固定夾 cable-clips,round-cable-clips.jpg,480 KB,https://www.construction-anchors.com/wp-content/uploads/2024/03/round-cable-clips.jpg
05_未上架產品 unreleased-products/20V工具 20v-cart-tools,20v-cart-tools-product.jpg,60 KB,https://www.construction-anchors.com/wp-content/uploads/2024/03/20v-cart-tools-product.jpg
05_未上架產品 unreleased-products/中空壁錨栓 1-piece-molly-anchor,1-piece-molly-anchor-2.jpg,98 KB,https://www.construction-anchors.com/wp-content/uploads/2024/02/1-piece-molly-anchor-2.jpg
05_未上架產品 unreleased-products/中空壁錨栓 1-piece-molly-anchor,1-piece-molly-new-specific.jpg,92 KB,https://www.construction-anchors.com/wp-content/uploads/2024/02/1-piece-molly-new-specific.jpg
05_未上架產品 unreleased-products/中空壁錨栓 1-piece-molly-anchor,1-piece-molly-new.jpg,46 KB,https://www.construction-anchors.com/wp-content/uploads/2024/02/1-piece-molly-new.jpg
05_未上架產品 unreleased-products/塑膠壁栓 plastic-plugs,PLASTIC-PLUGS-1.jpg,151 KB,https://www.construction-anchors.com/wp-content/uploads/2024/03/PLASTIC-PLUGS-1.jpg
05_未上架產品 unreleased-products/塑膠壁栓 plastic-plugs,plastic-plugs-actual-specific.jpg,164 KB,https://www.construction-anchors.com/wp-content/uploads/2024/03/plastic-plugs-actual-specific.jpg
05_未上架產品 unreleased-products/塑膠壁栓 plastic-plugs,plastic-plugs-actual.jpg,76 KB,https://www.construction-anchors.com/wp-content/uploads/2024/03/plastic-plugs-actual.jpg
05_未上架產品 unreleased-products/塑膠壁栓 plastic-plugs,plastic-plugs-installation.jpg,14 KB,https://www.construction-anchors.com/wp-content/uploads/2024/03/plastic-plugs-installation.jpg
05_未上架產品 unreleased-products/鋅合金釘入式錨栓 zamac-nail-in,zamac-installation.jpg,19 KB,https://www.construction-anchors.com/wp-content/uploads/2024/03/zamac-installation.jpg
05_未上架產品 unreleased-products/鋅合金釘入式錨栓 zamac-nail-in,zamac-nail-in-anchor-2.jpg,30 KB,https://www.construction-anchors.com/wp-content/uploads/2024/03/zamac-nail-in-anchor-2.jpg
05_未上架產品 unreleased-products/鋅合金釘入式錨栓 zamac-nail-in,zamac-nail-product.jpg,31 KB,https://www.construction-anchors.com/wp-content/uploads/2024/03/zamac-nail-product.jpg
